Word, Quantity, Frequency
my, 2, 0.153846%
0b, 1, 0.0769231%
2023, 1, 0.0769231%
Happy, 1, 0.0769231%
Hello, 1, 0.0769231%
This, 1, 0.0769231%
first, 1, 0.0769231%
for, 1, 0.0769231%
is, 1, 0.0769231%
lab, 1, 0.0769231%
test, 1, 0.0769231%
world, 1, 0.0769231%
